partido,distritos_ganados,share
PARTIDO COLORADO,187,71.1
PARTIDO LIBERAL RADICAL AUTENTICO,34,12.93
PARTIDO YO CREO CONCIENCIA DEMOCRATICA NACIONAL,3,1.14
ALIANZA BOQUERON PARA TODOS,1,0.38
ALIANZA DEMOCRATICA DE JASY CAÑY,1,0.38
ALIANZA GOBERNEMOS JUNTOS GUAYAIBI,1,0.38
ALIANZA ITAKYRY,1,0.38
ALIANZA ITAPE PARA TODOS,1,0.38
ALIANZA JUNTOS PODEMOS,1,0.38
ALIANZA JUNTOS POR ASUNCION,1,0.38
ALIANZA JUNTOS POR CAACUPE,1,0.38
ALIANZA JUNTOS POR CARAPEGUA,1,0.38
ALIANZA JUNTOS POR FILADELFIA,1,0.38
ALIANZA JUNTOS POR PASO DE PATRIA,1,0.38
ALIANZA JUNTOS POR SAN IGNACIO,1,0.38
ALIANZA MALLORQUINA,1,0.38
ALIANZA NATALIO PARA TODOS,1,0.38
ALIANZA NUEVA ALBORADA EN MARCHA,1,0.38
ALIANZA OLEARIENSE,1,0.38
ALIANZA OPOSITORA SANTARROSEÑA,1,0.38
ALIANZA PATRIOTICA BUENA VISTEÑA,1,0.38
ALIANZA POR LA VICTORIA DE ALTO VERA,1,0.38
ALIANZA SANTA RITA PARA TODOS,1,0.38
ALIANZA TODOS POR OTAÑO,1,0.38
ALIANZA TODOS POR SAN PATRICIO,1,0.38
ALIANZA TODOS POR YATAITY,1,0.38
ALIANZA TODOS UNIDOS POR VAQUERIA,1,0.38
ALIANZA UNIDOS POR ARROYITO,1,0.38
ALIANZA UNIDOS POR EL DISTRITO DE SAN LAZARO,1,0.38
ALIANZA UNIDOS POR LIBERACION,1,0.38
ALIANZA UNIDOS POR MARACANA,1,0.38
ALIANZA UNIDOS POR MARISCAL,1,0.38
ALIANZA UNIDOS POR SAN PABLO,1,0.38
ALIANZA UNIDOS POR SAN PEDRO,1,0.38
ALIANZA UNIDOS POR SAN VICENTE,1,0.38
ALIANZA UNIDOS POR VILLARRICA,1,0.38
ALIANZA UNIDOS POR YATYTAY,1,0.38
ALIANZA UNIDOS POR YBY PYTA,1,0.38
ALIANZA UNIDOS POR YRYBUCUA,1,0.38
MOV. JUNTOS PODEMOS HERNANDARIAS,1,0.38
MOVIMIENTO TODOS POR VALENZUELA,1,0.38
PARTIDO ENCUENTRO NACIONAL,1,0.38
